"Agency","Component","Fiscal Year","Number of Requests Pending as of Start of Fiscal Year","Number of Requests Received in Fiscal Year","Number of Requests Processed in Fiscal Year","Number of Requests Pending as of End of Fiscal Year"
"Merit Systems Protection Board","Agency Overall","2016","55","206","168","93"
"Federal Reserve System","Agency Overall","2023","52","772","739","85"
"National Railroad Passenger Corporation","Agency Overall","2015","25","257","182","100"
"Federal Financial Institutions Examination Council","Agency Overall","2019","0","11","11","0"
"Department of the Interior","Agency Overall","2016","1057","6428","6437","1048"
"Federal Labor Relations Authority","Agency Overall","2020","9","99","107","1"
"Corporation for National and Community Service (operating as AmeriCorps)","Agency Overall","2024","15","98","75","38"
"Department of Justice","Agency Overall","2024","51572","132527","157180","26919"
"Federal Mediation and Conciliation Service","Agency Overall","2023","4","46","49","1"
"Securities and Exchange Commission","Agency Overall","2017","565","13063","13069","559"
"Consumer Financial Protection Bureau","Agency Overall","2015","17","318","319","16"
"Surface Transportation Board","Agency Overall","2016","0","35","34","1"
"Commodity Futures Trading Commission","Agency Overall","2023","6","290","291","5"
"Institute of Museum and Library Services","Agency Overall","2017","3","40","36","7"
"American Battle Monuments Commission","Agency Overall","2024","0","38","38","0"
"Commodity Futures Trading Commission","Agency Overall","2018","27","134","121","40"
"Merit Systems Protection Board","Agency Overall","2018","78","173","200","51"
"Armed Forces Retirement Home","Agency Overall","2016","0","15","15","0"
"United States African Development Foundation","Agency Overall","2018","2","6","8","0"
"National Council on Disability","Agency Overall","2021","0","13","13","0"
"Securities and Exchange Commission","Agency Overall","2018","559","14229","14248","540"
"United States Copyright Office","Agency Overall","2021","5","49","47","7"
"Office of National Drug Control Policy","Agency Overall","2017","6","62","51","17"
"Federal Energy Regulatory Commission","Agency Overall","2024","107","130","157","80"
"Surface Transportation Board","Agency Overall","2019","1","33","34","0"
"Department of Homeland Security","Agency Overall","2018","62968","395751","374945","83774"
"Federal Mediation and Conciliation Service","Agency Overall","2017","2","80","56","26"
"Central Intelligence Agency","Agency Overall","2017","1469","2572","1988","2053"
"Commodity Futures Trading Commission","Agency Overall","2019","41","138","164","15"
"Department of Veterans Affairs","Agency Overall","2022","4108","22542","24343","2307"
"Office of Special Counsel","Agency Overall","2024","26","243","170","99"
"Commission of Fine Arts","Agency Overall","2024","8","91","91","8"
"Office of the Special Inspector General for Afghanistan Reconstruction","Agency Overall","2017","8","38","40","6"
"Privacy and Civil Liberties Oversight Board","Agency Overall","2016","0","9","8","1"
"Federal Open Market Committee","Agency Overall","2020","0","19","19","0"
"United States Copyright Office","Agency Overall","2024","7","79","72","14"
"Social Security Advisory Board","Agency Overall","2019","0","3","3","0"
"Central Intelligence Agency","Agency Overall","2022","2855","2408","2095","3168"
"Consumer Product Safety Commission","Agency Overall","2023","517","601","844","274"
"United States African Development Foundation","Agency Overall","2015","0","2","2","0"
"Court Services and Offender Supervision Agency","Agency Overall","2016","65","627","651","41"
"Commission of Fine Arts","Agency Overall","2022","0","17","17","0"
"National Science Foundation","Agency Overall","2022","404","302","202","504"
"Federal Retirement Thrift Investment Board","Agency Overall","2019","6","30","32","4"
"Office of Management and Budget","Agency Overall","2019","520","374","293","601"
"Securities and Exchange Commission","Agency Overall","2016","1288","14458","15196","550"
"Federal Financial Institutions Examination Council","Agency Overall","2021","0","13","12","1"
"National Credit Union Administration","Agency Overall","2021","17","136","144","9"
"Pension Benefit Guaranty Corporation","Agency Overall","2021","189","3517","3481","225"
"Department of Justice","Agency Overall","2022","59858","93370","82868","70360"
"United States Copyright Office","Agency Overall","2016","5","23","27","1"
"National Indian Gaming Commission","Agency Overall","2018","20","44","52","12"
"Commission of Fine Arts","Agency Overall","2021","0","17","17","0"
"Inter-American Foundation","Agency Overall","2015","0","3","3","0"
"Federal Maritime Commission","Agency Overall","2022","5","45","38","12"
"Office of Government Ethics","Agency Overall","2018","141","126","206","61"
"National Commission on Military, National, and Public Service","Agency Overall","2018","0","3","1","2"
"General Services Administration","Agency Overall","2020","537","1352","1429","460"
"Environmental Protection Agency","Agency Overall","2019","3751","8869","9525","3095"
"Department of Agriculture","Agency Overall","2020","7144","22810","23103","6851"
"Pension Benefit Guaranty Corporation","Agency Overall","2020","205","3495","3525","175"
"Federal Energy Regulatory Commission","Agency Overall","2020","51","73","71","53"
"Office of Navajo and Hopi Indian Relocation","Agency Overall","2015","0","179","179","0"
"Federal Housing Finance Agency","Agency Overall","2019","24","149","139","34"
"Commodity Futures Trading Commission","Agency Overall","2020","15","178","184","9"
"Consumer Product Safety Commission","Agency Overall","2019","374","505","316","563"
"United States African Development Foundation","Agency Overall","2021","0","1","1","0"
"U.S. Interagency Council on Homelessness","Agency Overall","2019","0","4","4","0"
"Administrative Conference of the United States","Agency Overall","2023","0","43","43","0"
"Farm Credit Administration","Agency Overall","2023","0","58","48","10"
"Armed Forces Retirement Home","Agency Overall","2020","0","2","2","0"
"Advisory Council on Historic Preservation","Agency Overall","2022","6","36","37","5"
"Federal Deposit Insurance Corporation","Agency Overall","2015","16","630","606","40"
"National Science Foundation","Agency Overall","2015","180","302","298","184"
"Environmental Protection Agency","Agency Overall","2016","2149","10403","10498","2054"
"Consumer Product Safety Commission","Agency Overall","2021","543","596","548","591"
"National Mediation Board","Agency Overall","2018","0","17","17","0"
"Office of National Drug Control Policy","Agency Overall","2019","23","68","70","21"
"Office of Science and Technology Policy","Agency Overall","2024","176","212","178","210"
"Committee for Purchase from People Who Are Blind or Severely Disabled","Agency Overall","2017","1","6","7","0"
"Federal Open Market Committee","Agency Overall","2024","9","90","64","35"
"Presidio Trust","Agency Overall","2020","0","14","13","1"
"Nuclear Regulatory Commission","Agency Overall","2023","91","236","207","120"
"U.S. Commission for the Preservation of America’s Heritage Abroad","Agency Overall","2024","8","96","20","84"
"U.S. Commission on Civil Rights","Agency Overall","2024","8","140","84","64"
"National Transportation Safety Board","Agency Overall","2023","183","558","601","140"
"Council on Environmental Quality","Agency Overall","2021","67","105","130","42"
"National Aeronautics and Space Administration","Agency Overall","2017","45","1062","1016","91"
"General Services Administration","Agency Overall","2022","509","1168","1360","317"
"Federal Reserve System","Agency Overall","2020","35","630","615","50"
"Legal Services Corporation","Agency Overall","2017","3","44","47","0"
"Council of the Inspectors General on Integrity and Efficiency","Agency Overall","2024","56","207","100","163"
"Selective Service System","Agency Overall","2017","0","46","46","0"
"Council of the Inspectors General on Integrity and Efficiency","Agency Overall","2021","71","78","109","40"
"Farm Credit System Insurance Corporation","Agency Overall","2019","0","4","4","0"
"Department of Veterans Affairs","Agency Overall","2023","2427","79590","72403","9614"
"Consumer Financial Protection Bureau","Agency Overall","2020","218","330","411","137"
"Federal Housing Finance Agency","Agency Overall","2016","22","179","182","19"
"Office of National Drug Control Policy","Agency Overall","2015","7","43","47","3"
"U.S. Agency for Global Media","Agency Overall","2015","10","45","48","7"
"U.S. Department of State","Agency Overall","2015","10924","24837","14002","21759"
"U.S. Agency for Global Media","Agency Overall","2018","6","60","59","7"
"Occupational Safety and Health Review Commission","Agency Overall","2022","1","94","92","3"
"Office of the National Cyber Director","Agency Overall","2024","0","378","155","223"
"National Endowment for the Arts","Agency Overall","2019","0","58","57","1"
"Department of Homeland Security","Agency Overall","2023","104434","674856","580205","199085"
"Office of Navajo and Hopi Indian Relocation","Agency Overall","2018","0","57","57","0"
"U.S. Commission on Civil Rights","Agency Overall","2017","1","32","33","0"
"Department of Health and Human Services","Agency Overall","2024","13249","51800","49271","15778"
"Office of Management and Budget","Agency Overall","2023","610","315","362","563"
"Federal Retirement Thrift Investment Board","Agency Overall","2022","5","45","47","3"
"Denali Commission","Agency Overall","2016","0","0","0","0"
"U.S. Agency for International Development","Agency Overall","2016","321","377","354","344"
"National Capital Planning Commission","Agency Overall","2017","0","12","12","0"
"Department of Veterans Affairs","Agency Overall","2015","2442","29716","30436","1722"
"Office of Science and Technology Policy","Agency Overall","2022","131","104","65","170"
"National Mediation Board","Agency Overall","2019","0","11","11","0"
"Tennessee Valley Authority","Agency Overall","2020","16","259","239","36"
"General Services Administration","Agency Overall","2017","125","1352","1181","296"
"U.S. Agency for International Development","Agency Overall","2019","285","290","304","271"
"U.S. Election Assistance Commission","Agency Overall","2019","6","30","17","19"
"Morris K. Udall and Stewart L. Udall Foundation","Agency Overall","2024","1","73","56","18"
"Surface Transportation Board","Agency Overall","2024","13","89","99","3"
"Office of the Special Inspector General for Afghanistan Reconstruction","Agency Overall","2015","2","37","36","3"
"Harry S. Truman Scholarship Foundation","Agency Overall","2021","0","1","1","0"
"Inter-American Foundation","Agency Overall","2017","0","12","11","1"
"Consumer Financial Protection Bureau","Agency Overall","2018","23","788","642","169"
"Federal Financial Institutions Examination Council","Agency Overall","2020","0","11","11","0"
"Morris K. Udall and Stewart L. Udall Foundation","Agency Overall","2020","0","2","2","0"
"Consumer Product Safety Commission","Agency Overall","2020","558","460","506","512"
"Department of Energy","Agency Overall","2024","1380","4283","3250","2413"
"Tennessee Valley Authority","Agency Overall","2015","16","198","195","19"
"United States Trade and Development Agency","Agency Overall","2022","45","21","16","50"
"Occupational Safety and Health Review Commission","Agency Overall","2019","1","89","70","20"
"Corporation for National and Community Service (operating as AmeriCorps)","Agency Overall","2021","5","47","46","6"
"Consumer Financial Protection Bureau","Agency Overall","2024","65","964","834","195"
"National Science Foundation","Agency Overall","2017","231","325","278","278"
"Department of Agriculture","Agency Overall","2018","5559","36547","35482","6624"
"Defense Nuclear Facilities Safety Board","Agency Overall","2017","0","31","26","5"
"Nuclear Regulatory Commission","Agency Overall","2020","91","289","288","92"
"Department of Education","Agency Overall","2017","507","2915","2574","848"
"Millennium Challenge Corporation","Agency Overall","2017","1","39","38","2"
"Court Services and Offender Supervision Agency","Agency Overall","2018","93","437","517","13"
"National Aeronautics and Space Administration","Agency Overall","2022","68","993","982","79"
"United States International Trade Commission","Agency Overall","2019","0","31","28","3"
"Council of the Inspectors General on Integrity and Efficiency","Agency Overall","2017","15","38","25","28"
"Court Services and Offender Supervision Agency","Agency Overall","2022","0","290","279","11"
"Advisory Council on Historic Preservation","Agency Overall","2021","1","21","16","6"
"U.S. Department of State","Agency Overall","2017","27852","7688","21736","13804"
"Social Security Administration","Agency Overall","2023","637","10130","10305","462"
"Federal Mediation and Conciliation Service","Agency Overall","2022","1","56","53","4"
"Social Security Administration","Agency Overall","2019","524","14987","15148","363"
"U.S. Election Assistance Commission","Agency Overall","2023","211","50","91","170"
"General Services Administration","Agency Overall","2018","296","1324","1239","381"
"Office of Personnel Management","Agency Overall","2023","153","581","586","148"
"Marine Mammal Commission","Agency Overall","2022","6","9","10","5"
"Appraisal Subcommittee","Agency Overall","2022","0","16","16","0"
"Federal Mediation and Conciliation Service","Agency Overall","2018","26","58","57","27"
"Department of Labor","Agency Overall","2019","1989","16090","16350","1729"
"Inter-American Foundation","Agency Overall","2020","2","8","10","0"
"United States International Boundary and Water Commission","Agency Overall","2020","15","53","40","28"
"Federal Labor Relations Authority","Agency Overall","2024","46","158","204","0"
"Department of the Treasury","Agency Overall","2017","1653","12434","12379","1708"
"Occupational Safety and Health Review Commission","Agency Overall","2016","0","69","67","2"
"Social Security Administration","Agency Overall","2015","2504","23208","22922","2790"
"National Indian Gaming Commission","Agency Overall","2023","3","55","45","13"
"Harry S. Truman Scholarship Foundation","Agency Overall","2018","0","2","2","0"
"Consumer Financial Protection Bureau","Agency Overall","2017","31","538","555","14"
"Peace Corps","Agency Overall","2018","42","137","123","56"
"Federal Mediation and Conciliation Service","Agency Overall","2021","0","20","19","1"
"U.S. Election Assistance Commission","Agency Overall","2024","189","98","42","245"
"U.S. Nuclear Waste Technical Review Board","Agency Overall","2022","0","8","8","0"
"Legal Services Corporation","Agency Overall","2020","0","14","13","1"
"Office of Management and Budget","Agency Overall","2022","670","263","323","610"
"Federal Mine Safety and Health Review Commission","Agency Overall","2017","0","101","98","3"
"Office of the Special Inspector General for Afghanistan Reconstruction","Agency Overall","2023","0","46","26","20"
"Department of Education","Agency Overall","2018","848","3041","2858","1031"
"Office of National Drug Control Policy","Agency Overall","2018","17","112","106","23"
"Peace Corps","Agency Overall","2023","110","265","301","74"
"Federal Communications Commission","Agency Overall","2024","111","977","984","104"
"Office of the Director of National Intelligence","Agency Overall","2015","229","395","321","303"
"Department of Housing and Urban Development","Agency Overall","2018","916","2383","2245","1054"
"Neighborhood Reinvestment Corporation","Agency Overall","2016","2","1","1","2"
"Morris K. Udall and Stewart L. Udall Foundation","Agency Overall","2022","0","3","3","0"
"Federal Deposit Insurance Corporation","Agency Overall","2024","178","1028","873","333"
"Armed Forces Retirement Home","Agency Overall","2018","0","6","6","0"
"National Security Commission on Artificial Intelligence","Agency Overall","2020","1","11","10","2"
"Office of Management and Budget","Agency Overall","2017","66","463","248","281"
"Social Security Advisory Board","Agency Overall","2016","0","0","0","0"
"Chemical Safety and Hazard Investigation Board","Agency Overall","2022","74","337","294","117"
"Court Services and Offender Supervision Agency","Agency Overall","2023","11","354","342","23"
"Department of Labor","Agency Overall","2017","1612","15813","15946","1479"
"Department of Energy","Agency Overall","2015","521","2356","2445","432"
"Federal Housing Finance Agency","Agency Overall","2022","21","89","73","37"
"Federal Maritime Commission","Agency Overall","2015","16","35","39","12"
"Federal Mine Safety and Health Review Commission","Agency Overall","2019","2","64","65","1"
"Department of Justice","Agency Overall","2020","33731","86729","84442","36018"
"Department of Homeland Security","Agency Overall","2015","117034","281138","348878","49294"
"Office of Special Counsel","Agency Overall","2020","96","144","193","47"
"Department of Defense","Agency Overall","2019","16686","56524","54545","18665"
"Office of Navajo and Hopi Indian Relocation","Agency Overall","2024","1","73","74","0"
"United States Copyright Office","Agency Overall","2015","3","36","34","5"
"National Capital Planning Commission","Agency Overall","2018","0","8","8","0"
"Federal Communications Commission","Agency Overall","2018","87","820","848","59"
"Department of Justice","Agency Overall","2019","26322","95119","88668","32773"
"Commodity Futures Trading Commission","Agency Overall","2016","59","126","168","17"
"U.S. Agency for Global Media","Agency Overall","2021","46","113","77","82"
"Office of the United States Trade Representative","Agency Overall","2021","13","93","97","9"
"Office of National Drug Control Policy","Agency Overall","2023","9","40","36","13"
"National Credit Union Administration","Agency Overall","2024","12","409","384","37"
"Federal Maritime Commission","Agency Overall","2020","2","21","21","2"
"U.S. Commission for the Preservation of America’s Heritage Abroad","Agency Overall","2020","0","2","0","2"
"Social Security Advisory Board","Agency Overall","2021","1","7","8","0"
"National Endowment for the Humanities","Agency Overall","2021","7","59","61","5"
"Pension Benefit Guaranty Corporation","Agency Overall","2017","81","1639","1651","69"
"United States Postal Service","Agency Overall","2022","354","3894","3986","262"
"Legal Services Corporation","Agency Overall","2018","0","27","23","4"
"United States Postal Service","Agency Overall","2015","243","2651","2680","214"
"U.S. Agency for Global Media","Agency Overall","2022","69","92","77","84"
"Office of the Director of National Intelligence","Agency Overall","2019","549","503","464","588"
"Marine Mammal Commission","Agency Overall","2021","3","11","8","6"
"Department of the Interior","Agency Overall","2022","5184","6407","6182","5409"
"Department of Energy","Agency Overall","2023","1011","2156","1790","1377"
"Securities and Exchange Commission","Agency Overall","2020","599","13300","13258","641"
"National Endowment for the Humanities","Agency Overall","2023","3","38","30","11"
"National Mediation Board","Agency Overall","2016","1","25","26","0"
"Department of Transportation","Agency Overall","2020","6368","14632","15433","5567"
"United States International Trade Commission","Agency Overall","2018","3","34","37","0"
"National Railroad Passenger Corporation","Agency Overall","2023","361","364","550","175"
"Occupational Safety and Health Review Commission","Agency Overall","2023","3","150","137","16"
"Committee for Purchase from People Who Are Blind or Severely Disabled","Agency Overall","2023","3","51","46","8"
"National Mediation Board","Agency Overall","2017","0","20","20","0"
"Institute of Museum and Library Services","Agency Overall","2023","0","41","41","0"
"Administrative Conference of the United States","Agency Overall","2021","0","41","41","0"
"Federal Maritime Commission","Agency Overall","2016","12","27","36","3"
"Tennessee Valley Authority","Agency Overall","2022","34","211","217","28"
"Court Services and Offender Supervision Agency","Agency Overall","2019","13","258","271","0"
"Federal Energy Regulatory Commission","Agency Overall","2015","23","131","133","21"
"National Science Foundation","Agency Overall","2024","803","424","374","853"
"National Science Foundation","Agency Overall","2023","503","339","158","684"
"Department of the Treasury","Agency Overall","2019","2180","11936","11921","2195"
"U.S. Commission on Civil Rights","Agency Overall","2019","0","49","49","0"
"Small Business Administration","Agency Overall","2015","24","955","926","53"
"Millennium Challenge Corporation","Agency Overall","2024","9","81","58","32"
"Harry S. Truman Scholarship Foundation","Agency Overall","2022","0","4","4","0"
"Federal Open Market Committee","Agency Overall","2017","1","22","22","1"
"Federal Deposit Insurance Corporation","Agency Overall","2017","22","440","442","20"
"United States Postal Service","Agency Overall","2019","194","2972","2960","206"
"Department of the Interior","Agency Overall","2019","3647","7973","6782","4838"
"American Battle Monuments Commission","Agency Overall","2019","0","16","15","1"
"Millennium Challenge Corporation","Agency Overall","2022","2","21","23","0"
"Department of Commerce","Agency Overall","2023","1133","2241","2093","1281"
"United States African Development Foundation","Agency Overall","2016","0","4","4","0"
"Department of the Interior","Agency Overall","2020","4685","5977","5906","4756"
"Office of National Drug Control Policy","Agency Overall","2024","56","92","49","99"
"Inter-American Foundation","Agency Overall","2018","1","11","11","1"
"Department of Defense","Agency Overall","2023","25357","60109","55731","29735"
"Legal Services Corporation","Agency Overall","2021","1","25","22","4"
"Federal Retirement Thrift Investment Board","Agency Overall","2018","11","39","44","6"
"U.S. Railroad Retirement Board","Agency Overall","2016","10","98","97","11"
"National Aeronautics and Space Administration","Agency Overall","2019","64","812","800","76"
"National Archives and Records Administration","Agency Overall","2017","4157","60337","61208","3286"
"Department of the Treasury","Agency Overall","2018","1728","12535","12098","2165"
"Office of Personnel Management","Agency Overall","2018","213","10668","10575","306"
"Morris K. Udall and Stewart L. Udall Foundation","Agency Overall","2023","0","20","19","1"
"Department of the Interior","Agency Overall","2023","5261","7085","7388","4958"
"National Archives and Records Administration","Agency Overall","2023","9969","62505","66064","6410"
"Surface Transportation Board","Agency Overall","2021","0","48","42","6"
"Office of Special Counsel","Agency Overall","2019","130","149","183","96"
"Gulf Coast Ecosystem Restoration Council","Agency Overall","2018","0","7","7","0"
"U.S. Interagency Council on Homelessness","Agency Overall","2024","6","37","17","26"
"Federal Maritime Commission","Agency Overall","2019","3","22","23","2"
"Department of Labor","Agency Overall","2023","2325","14282","14219","2388"
"Farm Credit System Insurance Corporation","Agency Overall","2017","0","10","10","0"
"Corporation for National and Community Service (operating as AmeriCorps)","Agency Overall","2017","3","53","54","2"
"James Madison Memorial Fellowship Foundation","Agency Overall","2018","0","5","5","0"
"Office of the Director of National Intelligence","Agency Overall","2018","402","498","349","551"
"Federal Trade Commission","Agency Overall","2017","30","1518","1492","56"
"U.S. Interagency Council on Homelessness","Agency Overall","2023","0","7","1","6"
"Office of Navajo and Hopi Indian Relocation","Agency Overall","2023","0","28","27","1"
"Privacy and Civil Liberties Oversight Board","Agency Overall","2019","10","23","20","13"
"Department of the Interior","Agency Overall","2021","4764","6302","5774","5292"
"United States Trade and Development Agency","Agency Overall","2018","25","22","19","28"
"Council of the Inspectors General on Integrity and Efficiency","Agency Overall","2018","28","40","14","54"
"Office of Personnel Management","Agency Overall","2017","150","10029","9966","213"
"United States International Trade Commission","Agency Overall","2020","3","30","33","0"
"Office of Pandemic Preparedness and Response Policy","Agency Overall","2024","0","0","0","0"
"Privacy and Civil Liberties Oversight Board","Agency Overall","2022","11","41","39","13"
"Appraisal Subcommittee","Agency Overall","2018","0","4","4","0"
"Office of Special Counsel","Agency Overall","2021","47","135","169","13"
"Farm Credit System Insurance Corporation","Agency Overall","2015","0","11","11","0"
"United States Trade and Development Agency","Agency Overall","2024","13","85","83","15"
"Institute of Museum and Library Services","Agency Overall","2015","2","34","33","3"
"Selective Service System","Agency Overall","2024","0","73","73","0"
"Court Services and Offender Supervision Agency","Agency Overall","2024","23","588","596","15"
"Presidio Trust","Agency Overall","2022","2","9","9","2"
"Office of Science and Technology Policy","Agency Overall","2021","102","129","100","131"
"Department of Agriculture","Agency Overall","2019","6593","26458","26094","6957"
"National Indian Gaming Commission","Agency Overall","2015","10","43","34","19"
"Farm Credit Administration","Agency Overall","2019","2","21","21","2"
"Nuclear Regulatory Commission","Agency Overall","2024","122","664","461","325"
"U.S. Department of State","Agency Overall","2019","11324","8589","6545","13368"
"Pension Benefit Guaranty Corporation","Agency Overall","2019","89","2348","2232","205"
"U.S. Railroad Retirement Board","Agency Overall","2015","9","123","122","10"
"Office of Science and Technology Policy","Agency Overall","2023","157","64","45","176"
"Export-Import Bank of the U.S.","Agency Overall","2022","30","84","90","24"
"National Endowment for the Arts","Agency Overall","2017","0","91","81","10"
"National Indian Gaming Commission","Agency Overall","2016","19","50","26","43"
"Committee for Purchase from People Who Are Blind or Severely Disabled","Agency Overall","2022","30","2","2","30"
"Department of Education","Agency Overall","2016","370","2445","2307","508"
"Morris K. Udall and Stewart L. Udall Foundation","Agency Overall","2016","0","0","0","0"
"Advisory Council on Historic Preservation","Agency Overall","2023","12","27","12","27"
"United States Postal Service","Agency Overall","2017","200","3102","3140","162"
"Federal Energy Regulatory Commission","Agency Overall","2021","53","37","35","55"
"Federal Reserve System","Agency Overall","2024","86","1098","1072","112"
"U.S. International Development Finance Corporation","Agency Overall","2023","69","50","30","89"
"National Transportation Safety Board","Agency Overall","2016","690","471","272","889"
"United States Postal Service","Agency Overall","2016","197","2718","2734","181"
"Armed Forces Retirement Home","Agency Overall","2021","0","9","9","0"
"U.S. Agency for International Development","Agency Overall","2021","399","329","297","431"
"Morris K. Udall and Stewart L. Udall Foundation","Agency Overall","2017","0","2","2","0"
"U.S. Nuclear Waste Technical Review Board","Agency Overall","2017","0","1","1","0"
"U.S. Railroad Retirement Board","Agency Overall","2018","8","87","86","9"
"Committee for Purchase from People Who Are Blind or Severely Disabled","Agency Overall","2018","1","15","12","4"
"United States International Trade Commission","Agency Overall","2016","2","27","29","0"
"Council on Environmental Quality","Agency Overall","2019","53","119","130","42"
"Federal Deposit Insurance Corporation","Agency Overall","2018","22","423","431","14"
"Federal Trade Commission","Agency Overall","2015","26","1531","1531","26"
"Office of Special Counsel","Agency Overall","2023","11","118","103","26"
"Peace Corps","Agency Overall","2019","56","179","101","134"
"Federal Mediation and Conciliation Service","Agency Overall","2016","6","58","62","2"
"National Railroad Passenger Corporation","Agency Overall","2018","141","206","215","132"
"Federal Open Market Committee","Agency Overall","2023","0","29","20","9"
"U.S. Department of State","Agency Overall","2022","16284","13864","9167","20981"
"Department of Health and Human Services","Agency Overall","2018","6097","35445","33876","7666"
"Nuclear Regulatory Commission","Agency Overall","2016","39","785","753","71"
"United States Trade and Development Agency","Agency Overall","2016","22","24","30","16"
"United States African Development Foundation","Agency Overall","2017","0","14","12","2"
"Department of Agriculture","Agency Overall","2023","2387","16605","16242","2750"
"U.S. Agency for International Development","Agency Overall","2017","347","326","331","342"
"General Services Administration","Agency Overall","2019","382","1461","1355","488"
"Department of Homeland Security","Agency Overall","2020","63374","397671","392623","68422"
"Appraisal Subcommittee","Agency Overall","2016","0","0","0","0"
"Nuclear Regulatory Commission","Agency Overall","2015","120","505","586","39"
"National Credit Union Administration","Agency Overall","2017","3","100","96","7"
"National Labor Relations Board","Agency Overall","2024","57","2837","2588","306"
"Environmental Protection Agency","Agency Overall","2023","1956","6588","6777","1767"
"Millennium Challenge Corporation","Agency Overall","2023","0","54","46","8"
"U.S. Agency for International Development","Agency Overall","2024","432","984","688","728"
"Department of Transportation","Agency Overall","2024","7576","18345","16080","9841"
"Federal Retirement Thrift Investment Board","Agency Overall","2020","4","29","29","4"
"Federal Financial Institutions Examination Council","Agency Overall","2015","0","23","23","0"
"Department of Education","Agency Overall","2021","961","2151","2292","820"
"Export-Import Bank of the U.S.","Agency Overall","2015","38","100","101","37"
"Social Security Advisory Board","Agency Overall","2024","1","44","44","1"
"Institute of Museum and Library Services","Agency Overall","2024","0","176","176","0"
"Department of Health and Human Services","Agency Overall","2021","11230","33158","32952","11436"
"Federal Maritime Commission","Agency Overall","2024","15","103","75","43"
"Federal Communications Commission","Agency Overall","2016","107","836","893","50"
"Department of Housing and Urban Development","Agency Overall","2021","1373","1734","2093","1014"
"Denali Commission","Agency Overall","2020","0","11","11","0"
"Federal Retirement Thrift Investment Board","Agency Overall","2017","3","42","34","11"
"Gulf Coast Ecosystem Restoration Council","Agency Overall","2017","0","3","3","0"
"Federal Retirement Thrift Investment Board","Agency Overall","2015","2","14","12","4"
"National Indian Gaming Commission","Agency Overall","2020","2","29","27","4"
"National Railroad Passenger Corporation","Agency Overall","2020","137","234","233","138"
"U.S. Department of State","Agency Overall","2018","13772","8448","10928","11292"
"Appraisal Subcommittee","Agency Overall","2023","0","34","29","5"
"Inter-American Foundation","Agency Overall","2016","0","10","10","0"
"Occupational Safety and Health Review Commission","Agency Overall","2018","1","69","69","1"
"Merit Systems Protection Board","Agency Overall","2019","50","117","115","52"
"National Archives and Records Administration","Agency Overall","2020","3494","25738","25721","3511"
"Department of Justice","Agency Overall","2015","13602","67783","67825","13560"
"Department of Education","Agency Overall","2020","1114","2384","2537","961"
"Farm Credit Administration","Agency Overall","2022","0","37","37","0"
"Department of Commerce","Agency Overall","2015","490","2230","2163","557"
"Selective Service System","Agency Overall","2015","0","7","7","0"
"Office of the United States Trade Representative","Agency Overall","2018","16","186","188","14"
"Harry S. Truman Scholarship Foundation","Agency Overall","2024","0","54","23","31"
"Small Business Administration","Agency Overall","2017","94","1430","1500","24"
"National Archives and Records Administration","Agency Overall","2016","4396","49966","50205","4157"
"Federal Mine Safety and Health Review Commission","Agency Overall","2021","0","42","40","2"
"Federal Trade Commission","Agency Overall","2016","26","1260","1258","28"
"Harry S. Truman Scholarship Foundation","Agency Overall","2016","0","1","1","0"
"Neighborhood Reinvestment Corporation","Agency Overall","2017","2","5","4","3"
"U.S. Commission on Civil Rights","Agency Overall","2022","0","60","60","0"
"Social Security Administration","Agency Overall","2022","686","11762","11811","637"
"Equal Employment Opportunity Commission","Agency Overall","2015","1160","17883","17481","1562"
"Office of Navajo and Hopi Indian Relocation","Agency Overall","2020","0","25","25","0"
"Consumer Product Safety Commission","Agency Overall","2015","254","715","770","199"
"Legal Services Corporation","Agency Overall","2015","1","54","49","6"
"Equal Employment Opportunity Commission","Agency Overall","2017","2277","19002","17560","3719"
"Federal Communications Commission","Agency Overall","2019","62","700","703","59"
"Federal Reserve System","Agency Overall","2018","49","610","626","33"
"National Indian Gaming Commission","Agency Overall","2022","4","48","49","3"
"U.S. Interagency Council on Homelessness","Agency Overall","2021","0","0","0","0"
"United States International Boundary and Water Commission","Agency Overall","2021","27","30","18","39"
"Neighborhood Reinvestment Corporation","Agency Overall","2024","15","47","48","14"
"Council of the Inspectors General on Integrity and Efficiency","Agency Overall","2015","6","15","15","6"
"United States African Development Foundation","Agency Overall","2022","0","1","0","1"
"National Credit Union Administration","Agency Overall","2022","9","112","115","6"
"Federal Maritime Commission","Agency Overall","2023","12","42","39","15"
"Farm Credit System Insurance Corporation","Agency Overall","2023","0","30","24","6"
"Corporation for National and Community Service (operating as AmeriCorps)","Agency Overall","2022","10","44","48","6"
"Tennessee Valley Authority","Agency Overall","2019","26","187","197","16"
"Neighborhood Reinvestment Corporation","Agency Overall","2020","4","7","11","0"
"U.S. Election Assistance Commission","Agency Overall","2022","88","195","72","211"
"Nuclear Regulatory Commission","Agency Overall","2019","232","369","510","91"
"Federal Deposit Insurance Corporation","Agency Overall","2022","45","494","502","37"
"Department of Defense","Agency Overall","2024","29656","61858","57662","33852"
"Office of National Drug Control Policy","Agency Overall","2022","24","50","65","9"
"National Capital Planning Commission","Agency Overall","2020","0","9","9","0"
"Federal Energy Regulatory Commission","Agency Overall","2019","48","117","114","51"
"National Labor Relations Board","Agency Overall","2020","113","1327","1393","47"
"Office of Navajo and Hopi Indian Relocation","Agency Overall","2022","0","15","15","0"
"Department of the Treasury","Agency Overall","2020","2142","11916","11260","2798"
"Federal Mediation and Conciliation Service","Agency Overall","2024","1","100","94","7"
"Council on Environmental Quality","Agency Overall","2022","42","127","124","45"
"Gulf Coast Ecosystem Restoration Council","Agency Overall","2021","0","4","4","0"
"General Services Administration","Agency Overall","2023","327","1723","1510","540"
"Federal Financial Institutions Examination Council","Agency Overall","2023","3","25","18","10"
"Defense Nuclear Facilities Safety Board","Agency Overall","2023","2","48","37","13"
"U.S. Interagency Council on Homelessness","Agency Overall","2016","0","0","0","0"
"Committee for Purchase from People Who Are Blind or Severely Disabled","Agency Overall","2016","1","20","15","6"
"Overseas Private Investment Corporation","Agency Overall","2016","9","52","52","9"
"Department of Transportation","Agency Overall","2017","4877","15164","14539","5502"
"Selective Service System","Agency Overall","2016","0","14","14","0"
"U.S. Railroad Retirement Board","Agency Overall","2020","2","79","80","1"
"United States Trade and Development Agency","Agency Overall","2017","16","30","20","26"
"U.S. Commission on Civil Rights","Agency Overall","2021","0","45","45","0"
"U.S. Agency for International Development","Agency Overall","2018","342","280","337","285"
"Federal Communications Commission","Agency Overall","2017","50","902","867","85"
"Office of Navajo and Hopi Indian Relocation","Agency Overall","2016","0","69","69","0"
"Advisory Council on Historic Preservation","Agency Overall","2024","27","153","33","147"
"U.S. Election Assistance Commission","Agency Overall","2018","15","38","45","8"
"Federal Financial Institutions Examination Council","Agency Overall","2024","10","45","48","7"
"Committee for Purchase from People Who Are Blind or Severely Disabled","Agency Overall","2021","27","11","8","30"
"National Archives and Records Administration","Agency Overall","2019","4090","67466","68062","3494"
"Securities and Exchange Commission","Agency Overall","2024","1436","10811","10985","1262"
"Small Business Administration","Agency Overall","2018","24","1089","1061","52"
"Neighborhood Reinvestment Corporation","Agency Overall","2023","2","29","16","15"
"Inter-American Foundation","Agency Overall","2023","0","23","19","4"
"Office of the Intellectual Property Enforcement Coordinator","Agency Overall","2024","0","43","43","0"
"Corporation for National and Community Service (operating as AmeriCorps)","Agency Overall","2018","2","53","51","4"
"Central Intelligence Agency","Agency Overall","2015","1034","3618","3181","1471"
"Presidio Trust","Agency Overall","2018","0","5","5","0"
"Office of Science and Technology Policy","Agency Overall","2018","41","122","100","63"
"Central Intelligence Agency","Agency Overall","2016","1130","2547","2208","1469"
"Export-Import Bank of the U.S.","Agency Overall","2023","24","108","94","38"
"Equal Employment Opportunity Commission","Agency Overall","2024","959","18083","18334","708"
"Farm Credit Administration","Agency Overall","2018","0","23","21","2"
"Administrative Conference of the United States","Agency Overall","2024","0","145","145","0"
"Appraisal Subcommittee","Agency Overall","2024","5","45","44","6"
"Merit Systems Protection Board","Agency Overall","2022","56","138","130","64"
"Commission of Fine Arts","Agency Overall","2020","0","10","10","0"
"Office of the United States Trade Representative","Agency Overall","2023","3","66","62","7"
"U.S. Commission on Civil Rights","Agency Overall","2020","0","42","42","0"
"Institute of Museum and Library Services","Agency Overall","2021","2","40","41","1"
"Tennessee Valley Authority","Agency Overall","2017","18","199","201","16"
"Central Intelligence Agency","Agency Overall","2023","3162","2426","1567","4021"
"Office of Special Counsel","Agency Overall","2022","13","138","140","11"
"United States Access Board","Agency Overall","2020","8","24","31","1"
"Gulf Coast Ecosystem Restoration Council","Agency Overall","2019","0","9","9","0"
"U.S. Agency for Global Media","Agency Overall","2017","15","62","72","5"
"Equal Employment Opportunity Commission","Agency Overall","2016","1563","17680","17068","2175"
"Office of the Special Inspector General for Afghanistan Reconstruction","Agency Overall","2022","4","17","21","0"
"Environmental Protection Agency","Agency Overall","2017","2079","11518","10802","2795"
"Department of Education","Agency Overall","2019","1034","2448","2368","1114"
"Federal Retirement Thrift Investment Board","Agency Overall","2021","4","43","42","5"
"Department of Veterans Affairs","Agency Overall","2016","3327","34459","33313","4473"
"James Madison Memorial Fellowship Foundation","Agency Overall","2016","0","0","0","0"
"Peace Corps","Agency Overall","2022","67","200","156","111"
"Occupational Safety and Health Review Commission","Agency Overall","2015","2","53","55","0"
"Nuclear Regulatory Commission","Agency Overall","2017","67","701","687","81"
"Marine Mammal Commission","Agency Overall","2016","0","0","0","0"
"Federal Housing Finance Agency","Agency Overall","2018","34","138","148","24"
"Office of the United States Trade Representative","Agency Overall","2020","12","155","155","12"
"U.S. Department of State","Agency Overall","2023","20982","15713","12576","24119"
"Occupational Safety and Health Review Commission","Agency Overall","2020","20","94","108","6"
"Office of the United States Trade Representative","Agency Overall","2016","32","118","118","32"
"Administrative Conference of the United States","Agency Overall","2017","0","16","16","0"
"Department of Energy","Agency Overall","2019","666","1855","1883","638"
"National Commission on Military, National, and Public Service","Agency Overall","2019","2","37","34","5"
"Office of the Director of National Intelligence","Agency Overall","2024","687","504","390","801"
"Federal Mine Safety and Health Review Commission","Agency Overall","2016","1","132","133","0"
"Department of the Interior","Agency Overall","2017","1046","8005","6733","2318"
"Federal Election Commission","Agency Overall","2023","3","92","88","7"
"Department of Commerce","Agency Overall","2018","629","2269","1976","922"
"Federal Housing Finance Agency","Agency Overall","2015","14","169","161","22"
"Morris K. Udall and Stewart L. Udall Foundation","Agency Overall","2019","0","4","4","0"
"Equal Employment Opportunity Commission","Agency Overall","2021","2003","15320","16048","1275"
"U.S. Election Assistance Commission","Agency Overall","2017","3","34","22","15"
"Armed Forces Retirement Home","Agency Overall","2017","0","7","7","0"
"United States Institute of Peace","Agency Overall","2018","1","1","2","0"
"U.S. Commission for the Preservation of America’s Heritage Abroad","Agency Overall","2021","1","4","3","2"
"Council of the Inspectors General on Integrity and Efficiency","Agency Overall","2022","40","77","83","34"
"Millennium Challenge Corporation","Agency Overall","2021","1","24","23","2"
"National Capital Planning Commission","Agency Overall","2016","0","23","23","0"
"Appraisal Subcommittee","Agency Overall","2017","0","5","5","0"
"Office of Personnel Management","Agency Overall","2016","1065","10189","11104","150"
"Privacy and Civil Liberties Oversight Board","Agency Overall","2017","1","35","27","9"
"United States Access Board","Agency Overall","2019","0","34","26","8"
"United States Trade and Development Agency","Agency Overall","2019","28","19","19","28"
"Federal Trade Commission","Agency Overall","2024","94","1938","1919","113"
"Office of Special Counsel","Agency Overall","2017","200","179","156","223"
"Department of Commerce","Agency Overall","2024","1247","4048","3410","1885"
"Chemical Safety and Hazard Investigation Board","Agency Overall","2020","28","93","90","31"
"James Madison Memorial Fellowship Foundation","Agency Overall","2021","0","8","8","0"
"Federal Open Market Committee","Agency Overall","2019","0","26","26","0"
"Office of the Director of National Intelligence","Agency Overall","2020","588","527","406","709"
"Federal Communications Commission","Agency Overall","2020","59","572","579","52"
"United States Access Board","Agency Overall","2015","0","11","11","0"
"Department of Defense","Agency Overall","2016","12469","53544","52332","13681"
"Office of the Special Inspector General for Afghanistan Reconstruction","Agency Overall","2021","1","16","13","4"
"National Labor Relations Board","Agency Overall","2015","145","4011","3679","477"
"Office of Management and Budget","Agency Overall","2015","33","198","163","68"
"Corporation for National and Community Service (operating as AmeriCorps)","Agency Overall","2020","8","43","46","5"
"Gulf Coast Ecosystem Restoration Council","Agency Overall","2022","0","5","5","0"
"Administrative Conference of the United States","Agency Overall","2015","0","26","26","0"
"U.S. Nuclear Waste Technical Review Board","Agency Overall","2018","0","3","3","0"
"United States Copyright Office","Agency Overall","2017","1","43","35","9"
"United States Trade and Development Agency","Agency Overall","2023","55","39","80","14"
"Department of Justice","Agency Overall","2021","36957","97490","75511","58936"
"Office of the Director of National Intelligence","Agency Overall","2021","709","441","651","499"
"Defense Nuclear Facilities Safety Board","Agency Overall","2016","3","18","21","0"
"Federal Trade Commission","Agency Overall","2022","48","1619","1579","88"
"Nuclear Regulatory Commission","Agency Overall","2018","85","643","496","232"
"Overseas Private Investment Corporation","Agency Overall","2018","6","59","53","12"
"National Labor Relations Board","Agency Overall","2017","294","2218","2105","407"
"Department of Labor","Agency Overall","2022","2158","14491","14335","2314"
"Selective Service System","Agency Overall","2018","0","54","54","0"
"Postal Regulatory Commission","Agency Overall","2016","0","31","31","0"
"Department of Homeland Security","Agency Overall","2019","88233","400245","429798","58680"
"Federal Communications Commission","Agency Overall","2022","50","523","508","65"
"U.S. Commission on Civil Rights","Agency Overall","2015","1","21","22","0"
"Department of Health and Human Services","Agency Overall","2017","5766","34978","34547","6197"
"United States Institute of Peace","Agency Overall","2017","0","1","1","0"
"James Madison Memorial Fellowship Foundation","Agency Overall","2022","0","4","4","0"
"Office of National Drug Control Policy","Agency Overall","2016","3","41","38","6"
"Nuclear Regulatory Commission","Agency Overall","2022","103","207","219","91"
"Merit Systems Protection Board","Agency Overall","2023","64","221","167","118"
"Federal Mediation and Conciliation Service","Agency Overall","2019","18","36","54","0"
"Department of Commerce","Agency Overall","2020","1264","2017","2108","1173"
"Selective Service System","Agency Overall","2021","0","39","39","0"
"U.S. Interagency Council on Homelessness","Agency Overall","2022","0","10","10","0"
"Defense Nuclear Facilities Safety Board","Agency Overall","2019","3","17","16","4"
"Department of Housing and Urban Development","Agency Overall","2017","505","2296","1890","911"
"Federal Open Market Committee","Agency Overall","2021","0","36","36","0"
"U.S. Nuclear Waste Technical Review Board","Agency Overall","2023","0","13","6","7"
"United States International Trade Commission","Agency Overall","2022","8","68","60","16"
"James Madison Memorial Fellowship Foundation","Agency Overall","2017","0","1","1","0"
"Office of National Drug Control Policy","Agency Overall","2020","21","53","48","26"
"Commodity Futures Trading Commission","Agency Overall","2017","17","186","176","27"
"National Credit Union Administration","Agency Overall","2016","5","66","68","3"
"Export-Import Bank of the U.S.","Agency Overall","2018","51","77","85","43"
"Department of Housing and Urban Development","Agency Overall","2024","790","3324","3102","1012"
"Department of Commerce","Agency Overall","2019","890","2391","2017","1264"
"Institute of Museum and Library Services","Agency Overall","2022","1","30","31","0"
"Inter-American Foundation","Agency Overall","2019","1","11","10","2"
"Gulf Coast Ecosystem Restoration Council","Agency Overall","2024","0","11","11","0"
"Harry S. Truman Scholarship Foundation","Agency Overall","2017","0","6","6","0"
"Overseas Private Investment Corporation","Agency Overall","2017","9","56","59","6"
"General Services Administration","Agency Overall","2021","454","1349","1294","509"
"Pension Benefit Guaranty Corporation","Agency Overall","2024","112","2733","2773","72"
"U.S. Commission on Civil Rights","Agency Overall","2016","0","40","39","1"
"National Endowment for the Arts","Agency Overall","2021","1","41","41","1"
"National Credit Union Administration","Agency Overall","2020","19","132","134","17"
"United States International Trade Commission","Agency Overall","2017","0","49","46","3"
"National Mediation Board","Agency Overall","2015","0","36","35","1"
"James Madison Memorial Fellowship Foundation","Agency Overall","2019","0","0","0","0"
"United States Access Board","Agency Overall","2024","1","42","41","2"
"Federal Retirement Thrift Investment Board","Agency Overall","2023","3","99","76","26"
"Department of the Treasury","Agency Overall","2024","3224","13303","12687","3840"
"Federal Election Commission","Agency Overall","2015","33","91","81","43"
"United States Copyright Office","Agency Overall","2020","10","50","55","5"
"National Endowment for the Humanities","Agency Overall","2017","5","58","57","6"
"Legal Services Corporation","Agency Overall","2023","2","29","22","9"
"Presidio Trust","Agency Overall","2019","0","5","5","0"
"United States Access Board","Agency Overall","2016","0","13","13","0"
"Federal Labor Relations Authority","Agency Overall","2021","0","101","97","4"
"U.S. Interagency Council on Homelessness","Agency Overall","2017","0","7","7","0"
"U.S. Department of State","Agency Overall","2021","14877","10683","9505","16055"
"Council of the Inspectors General on Integrity and Efficiency","Agency Overall","2020","82","75","80","77"
"National Endowment for the Humanities","Agency Overall","2019","1","54","54","1"
"Department of Homeland Security","Agency Overall","2024","203533","911535","894939","220129"
"National Labor Relations Board","Agency Overall","2022","72","1963","1940","95"
"Denali Commission","Agency Overall","2022","0","7","7","0"
"Federal Mine Safety and Health Review Commission","Agency Overall","2020","1","39","39","1"
"Committee for Purchase from People Who Are Blind or Severely Disabled","Agency Overall","2020","14","16","3","27"
"Committee for Purchase from People Who Are Blind or Severely Disabled","Agency Overall","2024","3","65","47","21"
"Corporation for National and Community Service (operating as AmeriCorps)","Agency Overall","2023","6","58","49","15"
"United States International Trade Commission","Agency Overall","2024","22","271","173","120"
"Chemical Safety and Hazard Investigation Board","Agency Overall","2017","20","58","46","32"
"Federal Reserve System","Agency Overall","2022","38","666","658","46"
"Inter-American Foundation","Agency Overall","2022","1","8","9","0"
"Merit Systems Protection Board","Agency Overall","2017","92","176","190","78"
"National Aeronautics and Space Administration","Agency Overall","2021","84","759","775","68"
"National Endowment for the Humanities","Agency Overall","2015","3","62","61","4"
"Consumer Financial Protection Bureau","Agency Overall","2019","169","484","435","218"
"United States Postal Service","Agency Overall","2023","266","4168","4104","330"
"National Endowment for the Humanities","Agency Overall","2016","4","47","46","5"
"United States Trade and Development Agency","Agency Overall","2020","28","25","8","45"
"Department of Housing and Urban Development","Agency Overall","2016","442","2345","2281","506"
"Department of Defense","Agency Overall","2017","13467","55198","53760","14905"
"United States International Boundary and Water Commission","Agency Overall","2016","1","34","32","3"
"Federal Mediation and Conciliation Service","Agency Overall","2015","6","55","57","4"
"U.S. Agency for Global Media","Agency Overall","2016","9","54","48","15"
"Denali Commission","Agency Overall","2021","0","9","9","0"
"Neighborhood Reinvestment Corporation","Agency Overall","2022","0","9","7","2"
"Environmental Protection Agency","Agency Overall","2024","1794","7551","7134","2211"
"Federal Reserve System","Agency Overall","2015","34","778","770","42"
"Corporation for National and Community Service (operating as AmeriCorps)","Agency Overall","2015","8","47","48","7"
"Advisory Council on Historic Preservation","Agency Overall","2019","2","13","5","10"
"Chemical Safety and Hazard Investigation Board","Agency Overall","2023","112","197","61","248"
"U.S. Election Assistance Commission","Agency Overall","2021","41","92","45","88"
"National Transportation Safety Board","Agency Overall","2022","165","518","500","183"
"United States International Boundary and Water Commission","Agency Overall","2018","2","50","42","10"
"National Science Foundation","Agency Overall","2016","186","348","304","230"
"Federal Energy Regulatory Commission","Agency Overall","2017","22","115","107","30"
"Privacy and Civil Liberties Oversight Board","Agency Overall","2023","13","50","39","24"
"Marine Mammal Commission","Agency Overall","2024","27","57","70","14"
"U.S. International Development Finance Corporation","Agency Overall","2020","6","94","48","52"
"Department of Agriculture","Agency Overall","2016","3682","23870","23134","4418"
"Federal Financial Institutions Examination Council","Agency Overall","2022","1","12","10","3"
"U.S. Railroad Retirement Board","Agency Overall","2021","1","70","70","1"
"Department of Labor","Agency Overall","2024","2367","15833","14856","3344"
"Federal Reserve System","Agency Overall","2019","34","562","561","35"
"American Battle Monuments Commission","Agency Overall","2016","0","17","17","0"
"Securities and Exchange Commission","Agency Overall","2019","540","11546","11487","599"
"Department of Agriculture","Agency Overall","2017","4100","25461","24006","5555"
"Appraisal Subcommittee","Agency Overall","2019","0","2","2","0"
"Office of the United States Trade Representative","Agency Overall","2019","14","136","138","12"
"Social Security Administration","Agency Overall","2021","1908","13440","14662","686"
"Central Intelligence Agency","Agency Overall","2021","2895","2837","2870","2862"
"U.S. Nuclear Waste Technical Review Board","Agency Overall","2024","7","42","1","48"
"United States Postal Service","Agency Overall","2024","334","4429","4203","560"
"Occupational Safety and Health Review Commission","Agency Overall","2024","16","242","235","23"
"United States International Boundary and Water Commission","Agency Overall","2019","10","61","54","17"
"Harry S. Truman Scholarship Foundation","Agency Overall","2019","0","3","3","0"
"Tennessee Valley Authority","Agency Overall","2024","57","262","264","55"
"Social Security Administration","Agency Overall","2017","787","21560","21619","728"
"National Archives and Records Administration","Agency Overall","2022","9971","14975","14977","9969"
"Selective Service System","Agency Overall","2022","0","48","48","0"
"Department of Justice","Agency Overall","2018","19725","96875","91383","25217"
"Department of Agriculture","Agency Overall","2015","3465","20132","19559","4038"
"United States Postal Service","Agency Overall","2020","206","3575","3372","409"
"Morris K. Udall and Stewart L. Udall Foundation","Agency Overall","2018","0","2","2","0"
"Legal Services Corporation","Agency Overall","2016","6","48","51","3"
"Office of Special Counsel","Agency Overall","2015","206","148","115","239"
"Federal Trade Commission","Agency Overall","2019","40","1381","1361","60"
"Small Business Administration","Agency Overall","2020","86","4529","3020","1595"
"United States Postal Service","Agency Overall","2021","396","4864","4905","355"
"Farm Credit Administration","Agency Overall","2024","7","75","75","7"
"National Credit Union Administration","Agency Overall","2023","6","159","153","12"
"National Science Foundation","Agency Overall","2019","258","327","267","318"
"National Labor Relations Board","Agency Overall","2021","47","1436","1411","72"
"Appraisal Subcommittee","Agency Overall","2020","0","7","7","0"
"United States Copyright Office","Agency Overall","2022","7","54","57","4"
"United States Access Board","Agency Overall","2018","0","8","8","0"
"Privacy and Civil Liberties Oversight Board","Agency Overall","2021","11","29","28","12"
"U.S. International Development Finance Corporation","Agency Overall","2021","53","81","61","73"
"U.S. Interagency Council on Homelessness","Agency Overall","2018","0","8","8","0"
"Surface Transportation Board","Agency Overall","2020","0","29","29","0"
"Presidio Trust","Agency Overall","2016","0","12","12","0"
"Office of Management and Budget","Agency Overall","2018","279","547","301","525"
"U.S. Agency for International Development","Agency Overall","2015","295","330","305","320"
"Department of Labor","Agency Overall","2016","1563","16196","16466","1293"
"Pension Benefit Guaranty Corporation","Agency Overall","2015","86","2278","2217","147"
"Federal Financial Institutions Examination Council","Agency Overall","2018","0","8","8","0"
"Department of Labor","Agency Overall","2015","1615","16792","17104","1303"
"Overseas Private Investment Corporation","Agency Overall","2019","12","64","65","11"
"National Railroad Passenger Corporation","Agency Overall","2024","182","738","910","10"
"National Council on Disability","Agency Overall","2023","0","8","5","3"
"Farm Credit Administration","Agency Overall","2021","0","55","55","0"
"United States International Boundary and Water Commission","Agency Overall","2015","3","27","28","2"
"Privacy and Civil Liberties Oversight Board","Agency Overall","2018","8","28","26","10"
"Social Security Administration","Agency Overall","2020","363","9688","8143","1908"
"Federal Reserve System","Agency Overall","2017","69","656","676","49"
"Pension Benefit Guaranty Corporation","Agency Overall","2018","69","1618","1598","89"
"Department of Transportation","Agency Overall","2022","6537","19090","18958","6669"
"Office of the Director of National Intelligence","Agency Overall","2022","500","499","429","570"
"Department of the Treasury","Agency Overall","2015","1547","13922","13987","1482"
"Federal Labor Relations Authority","Agency Overall","2016","2","78","80","0"
"Council on Environmental Quality","Agency Overall","2023","45","122","132","35"
"Commission of Fine Arts","Agency Overall","2017","0","6","6","0"
"Federal Permitting Improvement Steering Council","Agency Overall","2023","1","12","13","0"
"Department of Veterans Affairs","Agency Overall","2021","5781","27762","30227","3316"
"Surface Transportation Board","Agency Overall","2023","6","116","109","13"
"Marine Mammal Commission","Agency Overall","2020","2","5","4","3"
"Central Intelligence Agency","Agency Overall","2018","1949","2726","2345","2330"
"U.S. Nuclear Waste Technical Review Board","Agency Overall","2019","0","9","9","0"
"Social Security Advisory Board","Agency Overall","2023","0","21","19","2"
"Selective Service System","Agency Overall","2023","0","49","49","0"
"Farm Credit System Insurance Corporation","Agency Overall","2021","0","5","5","0"
"American Battle Monuments Commission","Agency Overall","2023","0","27","27","0"
"Social Security Advisory Board","Agency Overall","2022","0","10","10","0"
"U.S. Commission for the Preservation of America’s Heritage Abroad","Agency Overall","2023","0","26","18","8"
"Office of Personnel Management","Agency Overall","2024","140","968","783","325"
"United States Institute of Peace","Agency Overall","2023","2","18","3","17"
"United States International Boundary and Water Commission","Agency Overall","2023","31","51","26","56"
"Federal Open Market Committee","Agency Overall","2016","1","43","43","1"
"United States International Trade Commission","Agency Overall","2021","2","37","25","14"
"Council of the Inspectors General on Integrity and Efficiency","Agency Overall","2019","52","71","41","82"
"United States Copyright Office","Agency Overall","2023","7","47","40","14"
"Office of Management and Budget","Agency Overall","2016","63","154","151","66"
"Overseas Private Investment Corporation","Agency Overall","2015","5","40","36","9"
"Export-Import Bank of the U.S.","Agency Overall","2017","40","143","132","51"
"National Endowment for the Arts","Agency Overall","2015","4","55","58","1"
"National Capital Planning Commission","Agency Overall","2022","0","6","6","0"
"Gulf Coast Ecosystem Restoration Council","Agency Overall","2020","0","4","4","0"
"Council on Environmental Quality","Agency Overall","2017","69","189","216","42"
"National Endowment for the Humanities","Agency Overall","2024","11","65","62","14"
"United States African Development Foundation","Agency Overall","2019","0","7","7","0"
"National Aeronautics and Space Administration","Agency Overall","2016","56","834","847","43"
"National Capital Planning Commission","Agency Overall","2021","0","8","8","0"
"Federal Labor Relations Authority","Agency Overall","2019","0","93","84","9"
"Pension Benefit Guaranty Corporation","Agency Overall","2022","223","3727","3877","73"
"Equal Employment Opportunity Commission","Agency Overall","2019","3698","17794","19794","1698"
"American Battle Monuments Commission","Agency Overall","2017","0","36","34","2"
"Consumer Financial Protection Bureau","Agency Overall","2016","16","442","427","31"
"Institute of Museum and Library Services","Agency Overall","2016","3","40","40","3"
"Department of Agriculture","Agency Overall","2022","2503","17069","17166","2406"
"Farm Credit System Insurance Corporation","Agency Overall","2022","0","18","18","0"
"Defense Nuclear Facilities Safety Board","Agency Overall","2018","6","16","19","3"
"Advisory Council on Historic Preservation","Agency Overall","2018","1","3","1","3"
"Department of Housing and Urban Development","Agency Overall","2022","1014","1819","2031","802"
"Surface Transportation Board","Agency Overall","2017","1","51","52","0"
"U.S. Railroad Retirement Board","Agency Overall","2023","2","80","74","8"
"National Council on Disability","Agency Overall","2018","0","3","3","0"
"Postal Regulatory Commission","Agency Overall","2018","1","52","53","0"
"Office of Science and Technology Policy","Agency Overall","2016","10","71","64","17"
"National Mediation Board","Agency Overall","2020","0","17","17","0"
"Farm Credit System Insurance Corporation","Agency Overall","2018","0","4","4","0"
"Office of Government Ethics","Agency Overall","2021","33","88","109","12"
"Department of Energy","Agency Overall","2022","793","1722","1511","1004"
"Council on Environmental Quality","Agency Overall","2015","48","83","75","56"
"Office of Government Ethics","Agency Overall","2016","4","84","87","1"
"National Transportation Safety Board","Agency Overall","2020","573","573","850","296"
"Department of Health and Human Services","Agency Overall","2022","12009","38462","37241","13230"
"Neighborhood Reinvestment Corporation","Agency Overall","2018","3","3","3","3"
"Export-Import Bank of the U.S.","Agency Overall","2016","37","124","121","40"
"National Railroad Passenger Corporation","Agency Overall","2021","138","164","27","275"
"Appraisal Subcommittee","Agency Overall","2021","0","13","13","0"
"Office of Government Ethics","Agency Overall","2020","32","84","83","33"
"National Labor Relations Board","Agency Overall","2023","95","2198","2236","57"
"Legal Services Corporation","Agency Overall","2024","5","68","56","17"
"Inter-American Foundation","Agency Overall","2024","4","53","48","9"
"Office of Management and Budget","Agency Overall","2020","601","438","371","668"
"Office of Personnel Management","Agency Overall","2022","208","456","508","156"
"Farm Credit Administration","Agency Overall","2020","2","28","30","0"
"Millennium Challenge Corporation","Agency Overall","2015","23","18","41","0"
"Department of Energy","Agency Overall","2021","708","1492","1408","792"
"Department of Health and Human Services","Agency Overall","2015","9785","43085","45186","7684"
"Securities and Exchange Commission","Agency Overall","2015","607","16898","16207","1298"
"Defense Nuclear Facilities Safety Board","Agency Overall","2022","1","26","25","2"
"Department of Justice","Agency Overall","2016","14213","73103","71854","15462"
"National Science Foundation","Agency Overall","2020","319","259","209","369"
"Department of Transportation","Agency Overall","2015","2489","13374","12681","3182"
"Federal Maritime Commission","Agency Overall","2018","5","26","28","3"
"Department of Veterans Affairs","Agency Overall","2017","5123","24176","25237","4062"
"Federal Election Commission","Agency Overall","2024","7","351","318","40"
"National Council on Disability","Agency Overall","2022","0","16","16","0"
"Occupational Safety and Health Review Commission","Agency Overall","2021","6","143","148","1"
"Merit Systems Protection Board","Agency Overall","2020","52","127","124","55"
"Federal Financial Institutions Examination Council","Agency Overall","2017","1","35","36","0"
"Federal Financial Institutions Examination Council","Agency Overall","2016","0","33","32","1"
"National Labor Relations Board","Agency Overall","2018","405","1305","1547","163"
"Office of the Director of National Intelligence","Agency Overall","2017","322","456","376","402"
"Office of Personnel Management","Agency Overall","2019","259","10495","10493","261"
"Inter-American Foundation","Agency Overall","2021","0","8","7","1"
"United States Institute of Peace","Agency Overall","2020","0","8","4","4"
"Court Services and Offender Supervision Agency","Agency Overall","2017","41","510","455","96"
"Small Business Administration","Agency Overall","2022","4484","7844","10828","1500"
"Department of Energy","Agency Overall","2016","430","1974","2008","396"
"National Aeronautics and Space Administration","Agency Overall","2018","91","853","880","64"
"Social Security Advisory Board","Agency Overall","2020","0","5","4","1"
"National Capital Planning Commission","Agency Overall","2023","0","26","26","0"
"U.S. Department of State","Agency Overall","2016","11731","27961","15482","24210"
"Denali Commission","Agency Overall","2024","0","34","34","0"
"Consumer Product Safety Commission","Agency Overall","2016","199","702","697","204"
"James Madison Memorial Fellowship Foundation","Agency Overall","2024","12","57","15","54"
"Social Security Administration","Agency Overall","2016","2790","29631","31634","787"
"Consumer Product Safety Commission","Agency Overall","2024","276","783","701","358"
"Occupational Safety and Health Review Commission","Agency Overall","2017","2","63","64","1"
"United States Access Board","Agency Overall","2017","0","18","18","0"
"Department of Veterans Affairs","Agency Overall","2018","4368","24555","22851","6072"
"Armed Forces Retirement Home","Agency Overall","2015","0","13","13","0"
"National Council on Disability","Agency Overall","2016","0","1","1","0"
"Presidio Trust","Agency Overall","2024","0","47","46","1"
"General Services Administration","Agency Overall","2016","136","957","967","126"
"U.S. Commission on Civil Rights","Agency Overall","2023","0","58","50","8"
"Office of the Special Inspector General for Afghanistan Reconstruction","Agency Overall","2019","2","13","15","0"
"Federal Mine Safety and Health Review Commission","Agency Overall","2015","1","140","140","1"
"Council on Environmental Quality","Agency Overall","2020","42","166","140","68"
"Federal Deposit Insurance Corporation","Agency Overall","2023","37","826","685","178"
"Court Services and Offender Supervision Agency","Agency Overall","2021","0","99","99","0"
"Federal Election Commission","Agency Overall","2017","56","150","134","72"
"Administrative Conference of the United States","Agency Overall","2016","0","25","25","0"
"Postal Regulatory Commission","Agency Overall","2024","11","219","216","14"
"U.S. Department of State","Agency Overall","2024","23920","22306","20775","25451"
"Institute of Museum and Library Services","Agency Overall","2019","15","44","53","6"
"Armed Forces Retirement Home","Agency Overall","2022","0","8","7","1"
"Administrative Conference of the United States","Agency Overall","2020","0","38","38","0"
"Federal Housing Finance Agency","Agency Overall","2021","37","108","124","21"
"Farm Credit System Insurance Corporation","Agency Overall","2016","0","6","6","0"
"Office of Science and Technology Policy","Agency Overall","2020","86","84","68","102"
"Commission of Fine Arts","Agency Overall","2018","0","8","8","0"
"Office of the United States Trade Representative","Agency Overall","2022","9","67","73","3"
"Farm Credit Administration","Agency Overall","2016","1","21","21","1"
"Court Services and Offender Supervision Agency","Agency Overall","2015","58","532","525","65"
"Federal Housing Finance Agency","Agency Overall","2024","69","217","160","126"
"Office of the Special Inspector General for Afghanistan Reconstruction","Agency Overall","2016","2","28","22","8"
"United States Institute of Peace","Agency Overall","2019","0","4","4","0"
"U.S. Election Assistance Commission","Agency Overall","2016","0","18","15","3"
"National Indian Gaming Commission","Agency Overall","2019","12","37","47","2"
"U.S. Election Assistance Commission","Agency Overall","2020","11","49","21","39"
"Millennium Challenge Corporation","Agency Overall","2020","1","19","19","1"
"Small Business Administration","Agency Overall","2024","1204","6813","7092","925"
"Federal Election Commission","Agency Overall","2019","73","116","127","62"
"Commission of Fine Arts","Agency Overall","2019","0","5","5","0"
"United States International Trade Commission","Agency Overall","2023","16","32","27","21"
"American Battle Monuments Commission","Agency Overall","2020","1","14","15","0"
"Equal Employment Opportunity Commission","Agency Overall","2023","508","15929","14703","1734"
"Consumer Product Safety Commission","Agency Overall","2022","576","459","521","514"
"Federal Election Commission","Agency Overall","2020","61","105","148","18"
"Chemical Safety and Hazard Investigation Board","Agency Overall","2016","24","45","48","21"
"U.S. Railroad Retirement Board","Agency Overall","2017","11","99","102","8"
"Department of Health and Human Services","Agency Overall","2020","9397","36825","35669","10553"
"American Battle Monuments Commission","Agency Overall","2015","0","5","5","0"
"Central Intelligence Agency","Agency Overall","2020","2628","2896","2622","2902"
"Department of Energy","Agency Overall","2018","483","2073","1893","663"
"National Transportation Safety Board","Agency Overall","2015","519","566","394","691"
"Department of Defense","Agency Overall","2022","23461","54004","52222","25243"
"United States International Trade Commission","Agency Overall","2015","1","31","30","2"
"Federal Election Commission","Agency Overall","2022","8","114","118","4"
"Office of the United States Trade Representative","Agency Overall","2015","23","102","93","32"
"Equal Employment Opportunity Commission","Agency Overall","2022","1275","14040","13263","2052"
"Selective Service System","Agency Overall","2020","0","48","48","0"
"Defense Nuclear Facilities Safety Board","Agency Overall","2020","2","20","22","0"
"Federal Mine Safety and Health Review Commission","Agency Overall","2024","11","106","98","19"
"Office of the Director of National Intelligence","Agency Overall","2016","303","382","363","322"
"Surface Transportation Board","Agency Overall","2015","0","65","65","0"
"Federal Open Market Committee","Agency Overall","2022","0","31","31","0"
"National Railroad Passenger Corporation","Agency Overall","2019","131","213","191","153"
"Department of Transportation","Agency Overall","2023","6657","17136","16458","7335"
"Department of Justice","Agency Overall","2023","83369","110934","144065","50238"
"Environmental Protection Agency","Agency Overall","2018","2808","11364","10442","3730"
"Office of Science and Technology Policy","Agency Overall","2019","63","86","63","86"
"Office of Government Ethics","Agency Overall","2024","6","165","133","38"
"Office of Personnel Management","Agency Overall","2021","422","640","842","220"
"Postal Regulatory Commission","Agency Overall","2021","1","27","27","1"
"National Endowment for the Humanities","Agency Overall","2018","6","49","54","1"
"Office of the Special Inspector General for Afghanistan Reconstruction","Agency Overall","2024","20","49","51","18"
"Department of Transportation","Agency Overall","2021","5572","15740","14754","6558"
"Presidio Trust","Agency Overall","2021","1","24","23","2"
"National Credit Union Administration","Agency Overall","2015","2","89","86","5"
"National Aeronautics and Space Administration","Agency Overall","2023","79","1005","1003","81"
"Environmental Protection Agency","Agency Overall","2022","1939","6636","6630","1945"
"National Endowment for the Arts","Agency Overall","2016","1","57","58","0"
"U.S. Interagency Council on Homelessness","Agency Overall","2020","0","15","15","0"
"National Transportation Safety Board","Agency Overall","2024","139","703","561","281"
"National Archives and Records Administration","Agency Overall","2015","9361","22555","23591","8325"
"Environmental Protection Agency","Agency Overall","2021","2358","6485","6943","1900"
"United States African Development Foundation","Agency Overall","2023","0","0","0","0"
"Department of Veterans Affairs","Agency Overall","2024","16412","105725","119453","2684"
"United States Institute of Peace","Agency Overall","2024","17","71","21","67"
"Department of Commerce","Agency Overall","2017","470","2209","2106","573"
"United States International Boundary and Water Commission","Agency Overall","2017","3","53","52","4"
"U.S. Commission on Civil Rights","Agency Overall","2018","0","28","28","0"
"Tennessee Valley Authority","Agency Overall","2016","19","212","213","18"
"Environmental Protection Agency","Agency Overall","2015","2508","10910","11278","2140"
"Postal Regulatory Commission","Agency Overall","2015","0","8","8","0"
"National Mediation Board","Agency Overall","2021","0","20","19","1"
"Department of Labor","Agency Overall","2018","1483","14696","14679","1500"
"Denali Commission","Agency Overall","2019","0","4","4","0"
"National Mediation Board","Agency Overall","2024","3","66","68","1"
"Denali Commission","Agency Overall","2023","0","18","18","0"
"American Battle Monuments Commission","Agency Overall","2021","0","19","19","0"
"Federal Trade Commission","Agency Overall","2020","64","1177","1208","33"
"United States Copyright Office","Agency Overall","2019","6","46","42","10"
"Federal Labor Relations Authority","Agency Overall","2018","5","57","62","0"
"Pension Benefit Guaranty Corporation","Agency Overall","2023","73","2682","2643","112"
"Department of Justice","Agency Overall","2017","16232","82088","79390","18930"
"United States African Development Foundation","Agency Overall","2020","1","4","4","1"
"National Transportation Safety Board","Agency Overall","2021","296","453","584","165"
"United States Trade and Development Agency","Agency Overall","2015","10","18","6","22"
"Corporation for National and Community Service (operating as AmeriCorps)","Agency Overall","2016","7","49","53","3"
"U.S. Nuclear Waste Technical Review Board","Agency Overall","2020","0","7","6","1"
"U.S. Railroad Retirement Board","Agency Overall","2022","3","63","64","2"
"Federal Deposit Insurance Corporation","Agency Overall","2021","34","312","295","51"
"Committee for Purchase from People Who Are Blind or Severely Disabled","Agency Overall","2019","3","19","8","14"
"National Transportation Safety Board","Agency Overall","2019","899","435","761","573"
"Federal Energy Regulatory Commission","Agency Overall","2016","21","93","92","22"
"National Science Foundation","Agency Overall","2018","278","329","349","258"
"Federal Communications Commission","Agency Overall","2021","52","534","537","49"
"Chemical Safety and Hazard Investigation Board","Agency Overall","2024","262","138","261","139"
"Postal Regulatory Commission","Agency Overall","2023","0","91","80","11"
"National Indian Gaming Commission","Agency Overall","2017","44","51","75","20"
"Federal Energy Regulatory Commission","Agency Overall","2018","30","129","111","48"
"Millennium Challenge Corporation","Agency Overall","2016","0","30","29","1"
"Department of Energy","Agency Overall","2020","639","1453","1416","676"
"Department of Housing and Urban Development","Agency Overall","2020","1177","2038","1834","1381"
"Peace Corps","Agency Overall","2015","133","248","231","150"
"National Archives and Records Administration","Agency Overall","2024","6410","22590","23893","5107"
"Office of the United States Trade Representative","Agency Overall","2017","32","140","156","16"
"Small Business Administration","Agency Overall","2016","53","1116","1075","94"
"National Mediation Board","Agency Overall","2023","1","31","29","3"
"U.S. Agency for International Development","Agency Overall","2023","428","338","334","432"
"Federal Trade Commission","Agency Overall","2018","57","1441","1459","39"
"Federal Reserve System","Agency Overall","2016","42","728","701","69"
"Selective Service System","Agency Overall","2019","0","62","62","0"
"Small Business Administration","Agency Overall","2021","1595","18127","15238","4484"
"Administrative Conference of the United States","Agency Overall","2022","0","27","27","0"
"Department of Education","Agency Overall","2024","2162","4560","3119","3603"
"Office of Government Ethics","Agency Overall","2019","61","96","125","32"
"National Endowment for the Arts","Agency Overall","2024","12","180","155","37"
"Department of Commerce","Agency Overall","2021","1169","2274","2195","1248"
"Department of Health and Human Services","Agency Overall","2023","13461","46530","47038","12953"
"Commodity Futures Trading Commission","Agency Overall","2022","23","185","202","6"
"National Council on Disability","Agency Overall","2024","3","64","23","44"
"General Services Administration","Agency Overall","2015","174","934","973","135"
"Office of the Special Inspector General for Afghanistan Reconstruction","Agency Overall","2018","5","27","30","2"
"National Council on Disability","Agency Overall","2017","0","0","0","0"
"U.S. Agency for International Development","Agency Overall","2020","271","427","299","399"
"U.S. Commission for the Preservation of America’s Heritage Abroad","Agency Overall","2022","2","0","2","0"
"Presidio Trust","Agency Overall","2017","0","8","8","0"
"National Aeronautics and Space Administration","Agency Overall","2024","81","1560","1459","182"
"Export-Import Bank of the U.S.","Agency Overall","2024","38","165","159","44"
"Privacy and Civil Liberties Oversight Board","Agency Overall","2024","28","130","69","89"
"Office of National Drug Control Policy","Agency Overall","2021","26","44","46","24"
"Department of Education","Agency Overall","2015","388","2297","2315","370"
"Marine Mammal Commission","Agency Overall","2018","2","7","8","1"
"Federal Labor Relations Authority","Agency Overall","2015","2","85","85","2"
"Office of Special Counsel","Agency Overall","2018","222","189","282","129"
"Postal Regulatory Commission","Agency Overall","2022","1","45","46","0"
"Defense Nuclear Facilities Safety Board","Agency Overall","2024","15","110","52","73"
"United States Postal Service","Agency Overall","2018","160","3150","3116","194"
"Department of Homeland Security","Agency Overall","2017","64328","366036","367545","62819"
"Equal Employment Opportunity Commission","Agency Overall","2018","3719","19065","19134","3650"
"Department of Veterans Affairs","Agency Overall","2020","4476","19053","19323","4206"
"United States Access Board","Agency Overall","2022","1","10","11","0"
"United States Institute of Peace","Agency Overall","2016","0","0","0","0"
"U.S. Department of State","Agency Overall","2020","12866","9019","7041","14844"
"National Labor Relations Board","Agency Overall","2016","434","2679","2819","294"
"Department of Education","Agency Overall","2022","819","2372","1462","1729"
"Federal Housing Finance Agency","Agency Overall","2017","19","172","157","34"
"Harry S. Truman Scholarship Foundation","Agency Overall","2023","0","27","27","0"
"Court Services and Offender Supervision Agency","Agency Overall","2020","0","207","207","0"
"Export-Import Bank of the U.S.","Agency Overall","2019","44","79","85","38"
"Department of the Treasury","Agency Overall","2016","1465","12368","12171","1662"
"Farm Credit System Insurance Corporation","Agency Overall","2024","6","51","53","4"
"Consumer Financial Protection Bureau","Agency Overall","2021","137","255","366","26"
"United States International Boundary and Water Commission","Agency Overall","2024","56","79","25","110"
"Peace Corps","Agency Overall","2021","87","112","132","67"
"Gulf Coast Ecosystem Restoration Council","Agency Overall","2023","0","12","12","0"
"Federal Mine Safety and Health Review Commission","Agency Overall","2023","2","63","54","11"
"Federal Permitting Improvement Steering Council","Agency Overall","2022","0","4","3","1"
"Armed Forces Retirement Home","Agency Overall","2019","0","7","7","0"
"Chemical Safety and Hazard Investigation Board","Agency Overall","2018","32","49","48","33"
"Peace Corps","Agency Overall","2016","150","193","257","86"
"National Railroad Passenger Corporation","Agency Overall","2016","102","234","216","120"
"National Mediation Board","Agency Overall","2022","0","20","19","1"
"Office of Management and Budget","Agency Overall","2024","563","994","493","1064"
"Department of the Interior","Agency Overall","2018","2306","8402","7001","3707"
"Office of Navajo and Hopi Indian Relocation","Agency Overall","2021","0","17","17","0"
"National Science Foundation","Agency Overall","2021","368","293","257","404"
"Privacy and Civil Liberties Oversight Board","Agency Overall","2015","1","11","12","0"
"Department of Education","Agency Overall","2023","1730","2816","2385","2161"
"Department of Housing and Urban Development","Agency Overall","2019","1052","2140","2018","1174"
"Council of the Inspectors General on Integrity and Efficiency","Agency Overall","2023","34","130","108","56"
"National Capital Planning Commission","Agency Overall","2024","0","41","41","0"
"Central Intelligence Agency","Agency Overall","2024","4010","4087","2603","5494"
"Farm Credit Administration","Agency Overall","2015","1","41","42","0"
"Institute of Museum and Library Services","Agency Overall","2020","5","39","42","2"
"Gulf Coast Ecosystem Restoration Council","Agency Overall","2016","0","3","3","0"
"Consumer Product Safety Commission","Agency Overall","2017","213","664","617","260"
"Department of Housing and Urban Development","Agency Overall","2023","802","1909","1932","779"
"Pension Benefit Guaranty Corporation","Agency Overall","2016","147","3713","3779","81"
"Denali Commission","Agency Overall","2017","0","0","0","0"
"Administrative Conference of the United States","Agency Overall","2019","0","24","24","0"
"Merit Systems Protection Board","Agency Overall","2024","113","219","184","148"
"Office of Science and Technology Policy","Agency Overall","2015","5","99","94","10"
"U.S. International Development Finance Corporation","Agency Overall","2022","73","40","44","69"
"Corporation for National and Community Service (operating as AmeriCorps)","Agency Overall","2019","4","55","51","8"
"United States Institute of Peace","Agency Overall","2022","3","4","5","2"
"Federal Mine Safety and Health Review Commission","Agency Overall","2018","5","65","68","2"
"Federal Deposit Insurance Corporation","Agency Overall","2019","14","345","341","18"
"Department of Agriculture","Agency Overall","2021","6857","20956","21815","5998"
"Tennessee Valley Authority","Agency Overall","2023","28","206","177","57"
"Denali Commission","Agency Overall","2018","0","4","4","0"
"Federal Election Commission","Agency Overall","2016","43","129","116","56"
"National Endowment for the Arts","Agency Overall","2020","1","39","39","1"
"Equal Employment Opportunity Commission","Agency Overall","2020","746","16287","15098","1935"
"Department of Commerce","Agency Overall","2016","576","2026","2148","454"
"National Archives and Records Administration","Agency Overall","2018","3286","52850","53101","3035"
"Department of Housing and Urban Development","Agency Overall","2015","409","2230","2180","459"
"Federal Deposit Insurance Corporation","Agency Overall","2016","38","465","481","22"
"Export-Import Bank of the U.S.","Agency Overall","2020","38","79","96","21"
"Federal Maritime Commission","Agency Overall","2017","3","35","33","5"
"Securities and Exchange Commission","Agency Overall","2022","833","10000","9856","977"
"Central Intelligence Agency","Agency Overall","2019","2332","2563","2261","2634"
"National Railroad Passenger Corporation","Agency Overall","2017","120","224","203","141"
"Council on Environmental Quality","Agency Overall","2024","34","420","348","106"
"Department of Labor","Agency Overall","2021","2620","13560","14022","2158"
"Office of Personnel Management","Agency Overall","2020","259","8123","8140","242"
"National Aeronautics and Space Administration","Agency Overall","2015","57","923","923","57"
"Commodity Futures Trading Commission","Agency Overall","2021","9","157","144","22"
"Department of Labor","Agency Overall","2020","2414","15820","15645","2589"
"Department of the Treasury","Agency Overall","2023","3036","10782","10550","3268"
"Small Business Administration","Agency Overall","2019","114","895","923","86"
"Federal Open Market Committee","Agency Overall","2015","8","34","41","1"
"American Battle Monuments Commission","Agency Overall","2022","0","29","29","0"
"Commodity Futures Trading Commission","Agency Overall","2024","5","443","430","18"
"Chemical Safety and Hazard Investigation Board","Agency Overall","2019","33","33","34","32"
"National Labor Relations Board","Agency Overall","2019","164","1370","1420","114"
"United States Copyright Office","Agency Overall","2018","9","41","44","6"
"Marine Mammal Commission","Agency Overall","2023","5","56","34","27"
"National Credit Union Administration","Agency Overall","2019","19","148","148","19"
"United States Institute of Peace","Agency Overall","2021","4","7","8","3"
"United States International Boundary and Water Commission","Agency Overall","2022","38","30","31","37"
"National Endowment for the Humanities","Agency Overall","2022","5","48","50","3"
"Office of Personnel Management","Agency Overall","2015","333","10720","10854","199"
"Department of the Treasury","Agency Overall","2021","2872","10820","10755","2937"
"Securities and Exchange Commission","Agency Overall","2023","977","9481","9022","1436"
"Federal Mediation and Conciliation Service","Agency Overall","2020","0","58","56","2"
"Commission of Fine Arts","Agency Overall","2016","0","6","6","0"
"Department of Health and Human Services","Agency Overall","2019","7712","35358","33817","9253"
"Federal Energy Regulatory Commission","Agency Overall","2022","55","103","84","74"
"Department of Veterans Affairs","Agency Overall","2019","6067","21336","23749","3654"
"Social Security Administration","Agency Overall","2018","728","16427","16631","524"
"Legal Services Corporation","Agency Overall","2022","4","27","29","2"
"National Indian Gaming Commission","Agency Overall","2024","13","74","83","4"
"National Transportation Safety Board","Agency Overall","2018","927","521","549","899"
"Chemical Safety and Hazard Investigation Board","Agency Overall","2021","31","179","134","76"
"United States African Development Foundation","Agency Overall","2024","14","40","7","47"
"Department of Transportation","Agency Overall","2019","4363","16571","14621","6313"
"Nuclear Regulatory Commission","Agency Overall","2021","92","239","229","102"
"Office of Special Counsel","Agency Overall","2016","238","143","184","197"
"Social Security Advisory Board","Agency Overall","2017","0","1","1","0"
"Federal Retirement Thrift Investment Board","Agency Overall","2016","5","36","38","3"
"Federal Deposit Insurance Corporation","Agency Overall","2020","18","371","360","29"
"Office of the United States Trade Representative","Agency Overall","2024","15","136","112","39"
"Federal Trade Commission","Agency Overall","2023","88","1820","1812","96"
"Social Security Administration","Agency Overall","2024","461","12582","11354","1689"
"Administrative Conference of the United States","Agency Overall","2018","0","19","19","0"
"National Credit Union Administration","Agency Overall","2018","8","165","154","19"
"Consumer Financial Protection Bureau","Agency Overall","2022","24","437","380","81"
"Department of Commerce","Agency Overall","2022","1134","1768","1774","1128"
"Department of the Interior","Agency Overall","2015","1001","6792","6757","1036"
"Consumer Financial Protection Bureau","Agency Overall","2023","81","510","537","54"
"James Madison Memorial Fellowship Foundation","Agency Overall","2023","0","18","4","14"
"Surface Transportation Board","Agency Overall","2018","0","42","41","1"
"Institute of Museum and Library Services","Agency Overall","2018","8","33","26","15"
"National Aeronautics and Space Administration","Agency Overall","2020","76","841","833","84"
"Federal Maritime Commission","Agency Overall","2021","2","30","27","5"
"Neighborhood Reinvestment Corporation","Agency Overall","2021","0","3","3","0"
"Armed Forces Retirement Home","Agency Overall","2024","1","35","36","0"
"Commodity Futures Trading Commission","Agency Overall","2015","35","228","204","59"
"Advisory Council on Historic Preservation","Agency Overall","2020","8","12","19","1"
"Department of Defense","Agency Overall","2015","11704","57498","56507","12695"
"Merit Systems Protection Board","Agency Overall","2021","55","172","171","56"
"Tennessee Valley Authority","Agency Overall","2018","16","222","212","26"
"Marine Mammal Commission","Agency Overall","2017","0","10","8","2"
"Department of Energy","Agency Overall","2017","396","2215","2127","484"
"National Archives and Records Administration","Agency Overall","2021","3511","7725","6867","4369"
"General Services Administration","Agency Overall","2024","565","1661","1632","594"
"Farm Credit Administration","Agency Overall","2017","1","26","27","0"
"Department of the Interior","Agency Overall","2024","5194","8305","8426","5073"
"Securities and Exchange Commission","Agency Overall","2021","641","12363","12171","833"
"National Council on Disability","Agency Overall","2019","0","12","11","1"
"Postal Regulatory Commission","Agency Overall","2020","0","37","36","1"
"Council on Environmental Quality","Agency Overall","2018","42","167","156","53"
"Office of the National Cyber Director","Agency Overall","2023","0","6","6","0"
"U.S. Railroad Retirement Board","Agency Overall","2019","9","102","109","2"
"Department of Transportation","Agency Overall","2018","5459","15049","16082","4426"
"Office of Navajo and Hopi Indian Relocation","Agency Overall","2019","0","25","25","0"
"Armed Forces Retirement Home","Agency Overall","2023","1","12","12","1"
"Council of the Inspectors General on Integrity and Efficiency","Agency Overall","2016","6","28","19","15"
"Defense Nuclear Facilities Safety Board","Agency Overall","2015","3","19","20","2"
"Millennium Challenge Corporation","Agency Overall","2019","3","27","28","2"
"James Madison Memorial Fellowship Foundation","Agency Overall","2020","0","1","1","0"
"United States Access Board","Agency Overall","2023","0","20","19","1"
"National Endowment for the Arts","Agency Overall","2023","0","62","50","12"
"Peace Corps","Agency Overall","2024","74","320","331","63"
"Federal Reserve System","Agency Overall","2021","53","637","654","36"
"Commission of Fine Arts","Agency Overall","2023","0","25","25","0"
"Federal Election Commission","Agency Overall","2021","18","100","110","8"
"Peace Corps","Agency Overall","2020","134","160","207","87"
"Office of the Director of National Intelligence","Agency Overall","2023","570","386","269","687"
"Legal Services Corporation","Agency Overall","2019","4","22","26","0"
"Office of Management and Budget","Agency Overall","2021","668","280","278","670"
"National Endowment for the Arts","Agency Overall","2018","5","71","76","0"
"Postal Regulatory Commission","Agency Overall","2017","0","38","37","1"
"Department of Homeland Security","Agency Overall","2016","49143","325780","310549","64374"
"Federal Communications Commission","Agency Overall","2023","65","586","535","116"
"Office of Science and Technology Policy","Agency Overall","2017","17","132","109","40"
"Federal Communications Commission","Agency Overall","2015","67","785","745","107"
"U.S. Agency for Global Media","Agency Overall","2019","25","63","74","14"
"U.S. Agency for International Development","Agency Overall","2022","431","326","330","427"
"Neighborhood Reinvestment Corporation","Agency Overall","2019","3","2","1","4"
"Federal Energy Regulatory Commission","Agency Overall","2023","74","138","94","118"
"Department of Agriculture","Agency Overall","2024","2777","24722","21113","6386"
"Federal Open Market Committee","Agency Overall","2018","1","12","13","0"
"United States Trade and Development Agency","Agency Overall","2021","45","19","10","54"
"Merit Systems Protection Board","Agency Overall","2015","21","165","136","50"
"U.S. Agency for Global Media","Agency Overall","2024","28","173","191","10"
"Surface Transportation Board","Agency Overall","2022","5","90","89","6"
"Consumer Product Safety Commission","Agency Overall","2018","259","554","440","373"
"Federal Labor Relations Authority","Agency Overall","2023","31","222","158","95"
"Federal Permitting Improvement Steering Council","Agency Overall","2024","1","60","52","9"
"U.S. Nuclear Waste Technical Review Board","Agency Overall","2021","0","5","5","0"
"Office of the Intellectual Property Enforcement Coordinator","Agency Overall","2023","0","26","26","0"
"Marine Mammal Commission","Agency Overall","2019","1","8","7","2"
"Department of Transportation","Agency Overall","2016","3056","13800","11929","4927"
"Office of the Special Inspector General for Afghanistan Reconstruction","Agency Overall","2020","0","27","26","1"
"Council on Environmental Quality","Agency Overall","2016","56","104","82","78"
"Small Business Administration","Agency Overall","2023","956","4381","4133","1204"
"Harry S. Truman Scholarship Foundation","Agency Overall","2020","0","4","4","0"
"Department of Health and Human Services","Agency Overall","2016","7672","34232","36190","5714"
"Chemical Safety and Hazard Investigation Board","Agency Overall","2015","9","45","30","24"
"Department of the Treasury","Agency Overall","2022","2879","10594","10431","3042"
"National Endowment for the Arts","Agency Overall","2022","1","40","41","0"
"Department of Defense","Agency Overall","2018","14194","57032","54323","16903"
"Department of Homeland Security","Agency Overall","2022","68062","539807","506036","101833"
"Millennium Challenge Corporation","Agency Overall","2018","2","23","22","3"
"Committee for Purchase from People Who Are Blind or Severely Disabled","Agency Overall","2015","0","6","5","1"
"Department of Defense","Agency Overall","2020","18396","54023","50006","22413"
"Office of Government Ethics","Agency Overall","2015","3","70","69","4"
"Environmental Protection Agency","Agency Overall","2020","3095","6891","7665","2321"
"American Battle Monuments Commission","Agency Overall","2018","2","16","18","0"
"Office of Government Ethics","Agency Overall","2017","1","471","329","143"
"United States Access Board","Agency Overall","2021","1","8","8","1"
"National Capital Planning Commission","Agency Overall","2015","0","3","3","0"
"National Capital Planning Commission","Agency Overall","2019","0","8","8","0"
"Social Security Advisory Board","Agency Overall","2018","0","3","3","0"
"Postal Regulatory Commission","Agency Overall","2019","0","15","15","0"
"Federal Election Commission","Agency Overall","2018","72","164","163","73"
"Office of Navajo and Hopi Indian Relocation","Agency Overall","2017","0","104","104","0"
"U.S. Agency for Global Media","Agency Overall","2023","85","120","178","27"
"Presidio Trust","Agency Overall","2023","0","16","16","0"
"U.S. Railroad Retirement Board","Agency Overall","2024","9","124","121","12"
"Federal Housing Finance Agency","Agency Overall","2023","36","117","84","69"
"Federal Trade Commission","Agency Overall","2021","38","1385","1375","48"
"Office of the Intellectual Property Enforcement Coordinator","Agency Overall","2022","0","0","0","0"
"Office of Government Ethics","Agency Overall","2023","7","112","113","6"
"Federal Housing Finance Agency","Agency Overall","2020","33","120","116","37"
"National Indian Gaming Commission","Agency Overall","2021","4","30","30","4"
"Morris K. Udall and Stewart L. Udall Foundation","Agency Overall","2021","0","1","1","0"
"Department of Defense","Agency Overall","2021","22283","52805","50703","24385"
"Federal Retirement Thrift Investment Board","Agency Overall","2024","26","123","116","33"
"Tennessee Valley Authority","Agency Overall","2021","36","213","215","34"
"Office of Government Ethics","Agency Overall","2022","12","120","125","7"
"National Transportation Safety Board","Agency Overall","2017","862","437","370","929"
"National Council on Disability","Agency Overall","2020","1","15","16","0"
"Export-Import Bank of the U.S.","Agency Overall","2021","21","64","55","30"
"Department of Homeland Security","Agency Overall","2021","83594","442650","467347","58897"
"Privacy and Civil Liberties Oversight Board","Agency Overall","2020","13","29","27","15"
"U.S. Agency for Global Media","Agency Overall","2020","14","60","28","46"
"Farm Credit System Insurance Corporation","Agency Overall","2020","0","11","11","0"
"National Endowment for the Humanities","Agency Overall","2020","1","137","131","7"
"Federal Mine Safety and Health Review Commission","Agency Overall","2022","2","52","52","2"
"Defense Nuclear Facilities Safety Board","Agency Overall","2021","0","19","18","1"
"Peace Corps","Agency Overall","2017","87","152","197","42"
"U.S. International Development Finance Corporation","Agency Overall","2024","89","81","45","125"
"National Railroad Passenger Corporation","Agency Overall","2022","276","246","164","358"
"Federal Labor Relations Authority","Agency Overall","2017","0","102","97","5"
"Federal Labor Relations Authority","Agency Overall","2022","4","166","136","34"
"All agencies","Agency Overall","2015","198284","713168","769903","141549"
"All agencies","Agency Overall","2016","129716","788769","759842","158643"
"All agencies","Agency Overall","2017","163586","818272","823223","158635"
"All agencies","Agency Overall","2018","158987","863729","830060","192656"
"All agencies","Agency Overall","2019","199544","858952","877964","180532"
"All agencies","Agency Overall","2020","186146","790688","772869","203965"
"All agencies","Agency Overall","2021","222676","838164","838668","222172"
"All agencies","Agency Overall","2022","234708","928353","878420","284641"
"All agencies","Agency Overall","2023","298452","1199699","1122211","375940"
"All agencies","Agency Overall","2024","388381","1501432","1499265","390548"